token,m_id
7b6e220a16dc7aa5e4541e47b483ac72,1838
aa20d8388f8e3ab50a5f53c3bf6ac2a2,1850
1424748badb65c12f2e8be1b0eb07301,8415
2ed8983858d50369fea3d1e7bb1215d1,8409
84cd46b536f1e1e907525bcf50ca962a,8411
1a6edbbba4a2944a9f5289f2a9789fb3,7022
49622725f2378fe734e7ef55a9e01648,6501
03c53a47aa9bc3cc30d4efc3f940d37f,7225
022b5fe83db183349ac983400ace8cf4,7226
d3262925b0a4ac7784caf02a2cb41798,7024
caf6f0817a9e60eeb39bcb32607005cd,7231
73b9e34ce68855760efcb819ba8f6b4c,7734
dcc8feab0bb05206cb750648c523e233,1146
938a16c6d3192ed377738e164beda164,1147
c36cf81bd6d69cbf90d0facaf449132b,8290
b31e0c58f12e9dc61adb3354232dc561,1154
0393ba064e5eb4a85a6606d5300a36e8,7412
a16f00f5cc0f9e2c552fd307d7d272d6,7433
60bd52760229b8623da994ba287dcd37,7438
0927e4d60fff0d7983c38cd3a0410c8e,7602
8d4ab8f35261d70667dac0df1aa2c2fb,7437
01aa8cf373d2b461842762e46d3091bb,7446
cfeafd12f5071076401fd2bd5f16b78d,2309
90be072d3e69d8c834223bc63ecc7119,2308
c59937684c85793a872367ee6d2d5e74,6869
b67908585d84a208774bee49fe87b168,6870
bcbf6d9351813f33d85c6a411b4cf426,6871
8de54a3560eb4863c853fde399d33f2f,8043
5ef023a1d3518bca142521eafe7ea3e6,2311
5cb3519f6433437d5d4f319da2d7c3dd,7188
c951380a111102bdab734939c3a509f3,7986
9e45f724d56ab93b82eb6da41a3af358,7020
fda83ddcd364926cd1f120df455dbf18,3357
0b953bb4a09bdec37573e51e3c9ad7c2,3347
51c94625203b428784cb58518c2eb720,3339
8d55ee3552a4d1e14783bfff24a9dc76,3212
c62bbadadc80bcf0bc1b18c13fb4bf87,6913
4d62f16d451cff52febfebe7d6457b31,8246
435ad26b9095c9bc4b3e03309bda9b3e,1797
8d9779d1131fa404344c4b8e33162b60,1803
85db781c0912bf363b776e497851b6f8,8422
4eab66b0d3cb5860c2f5597c312d7b75,8428
71d897f36740758d995fe9e828079e16,8427
3be3cd9ce2400f7be704dccacc92b67d,2784
4adeed722acf8ed827f10e2710506cf6,7166
06d3a7a665389f88b710fb560118e445,7845
3e7333405e33c5e682bd3e857ac64b76,6632
5de5167f65edcf2217a35bc04e6bb777,7170
0be87c977b7b19339e548a1277e4a66f,3578
9cd219232cba9c62eb34398f657ffccc,3583
8aa078582a0c92edd3a1e7c9db30ab3f,3647
dc016ed6dc919c819c2cc487ff5a62b6,7926
5710aef62885c04bb24981d8ce79a02d,1337
3751c3dd715703172207fcf69f39ecd8,8166
264582778fdcdfa37875168d99a123cb,1359
0dd30a2cff6579debccee65662fda3fa,1400
6022c4208a967075a4234960782853d9,1405
6e8d1276edadee2eb16cba1a61a4b819,8229
7e5572f00c2256b954b0f491a2c2d18e,1431
fb2d236b15f2346faa0ea7c795b50de5,1448
dcb073a7d8c7f47d3210231742a5735b,8235
920d57af3d5fa10382e1fb1984268af5,8231
1ef4fe8106af05da3829c4368fb81306,8105
710a5e35ebd0b525a60aa53e50a594a0,1707
cd4948f372c769b4ea1468be2dfa9413,7858
647c7c540d79eb34c1aca5b243f775d2,1543
e90e14de29461bb61e5cc955319bbd67,7532
dd596b40fbd267b327365306a5e99fe4,8032
e0d03ea0328edc167e32febb27657a04,1556
f7446a86e8aaaa674a691b065e5ecf92,7061
ec431f3027335fd088f9e401ad6b7768,1480
44580f1cb7af1eff2ccfc945280fe327,6763
918a6bc9b01f4cd9432f4b1905736cee,1614
926c9a33bf684ebac95fd459182cb361,7217
3e4c8d92757359f49b00e564cdef5573,1640
a1d8a3e7011f87c4e2531eeff221e331,1650
bbe8b197d9b0a6635976fd9a78969edb,1647
2b63b35a7d775e5824b7d8da4eed686c,1880
55df8462c78386fa674c89e53d6c6d2a,8148
346888378dd5c7864e5dd8d2d09a747c,1902
8f9cbf28e98a996337edabfd1aa60862,1956
a089bb5a3e08cefa7da3fedcf02fb380,1984
bf145dad6aca387f3a377dffab79e94d,1993
05fd689af5d21b59bc67abeac1d9d303,8443
a5ca85f73171949f5a9b87b841789dc8,7791
06d84f19b2de99802493ef43125175af,7809
d215b3d16e9d2d6bfb105793c676f828,2111
e1e16e7e46b25da4a8c3db5b76f04801,2101
f6a7ddf37037becac297366a10c6d093,2140
9a337d6347329a9603caf4638044337e,2170
429909688b412df44e64c2c98f245105,7041
ced817b9d99846f53ca690394af513a5,7057
f494ca496ab44e00c5c0aa4281a9a2e4,7671
6bb69ec60038da1c2b721262516af9ee,7750
04aaeba30eb6163ba4cd56ca13a01352,6486
15c41df9596138096c32ee6028cd59ae,2223
67bc98be98707cea2a059261fb4f3a06,2232
53c193484222d64f3bc98fdf10bc2a6a,2240
c57078676fcc4e19ec6e214fd246f8c9,2239
970c1cb559289bb1af55854d648a0c54,2251
a3c29eba978d1c1f2e6643374fe58b6e,7664
d548382cc37d20d0d4f9ed79932d0dc9,7732
579636bf4ac3592f4414091d65489b3c,2361
e07caea1acb90d3bce1f40621877bc9f,2362
459a259cdf5b6349c7123df37a8e9634,2366
35c8499311ec957971c6d2c67712b6c8,2355
15db69f2e5a10859cd647df0a1c51dd9,2353
e5c473bee0867281521976579ca98ab5,2479
9d95ba46bfd4e46f8b964a669394319b,7871
7662bf0fa31a9360f44cb602269798b9,7036
b8093d4b76f70eb14d791b1f309acca4,7034
7468849edeaf66c319b9e62f088af5aa,7038
7083a76a3e3a2491cb6af042295cd5c2,7031
edc51ffb9a6d5520d23f1c4919f75673,2744
d0b7501b45d73ffce62fcebbe932d950,8448
1e9b493a312c1c6d4c201d74f5021e69,2760
12d6e22f9a48622bb0b0384472889cbd,2753
cd0e4b96fb5dc0d7ee3659976cc271f0,8239
ecbd300e5fb09f5dabe4e431a64a8c00,2749
576f6d07f2d1e97abc2392170ba1cbdf,8090
2c0f261716d9b8e1c7b8744546e52c62,8088
dbd1507881ef51b05c93608615bead1c,1091
fa7ef11a7ffb22d1ac005cdbeba44184,8091
33618fda5b8eb0ca9b9f786caa975301,8063
104b59fefefa3c1cd46d8c974f0382b3,8476
2b5a0106745237c8905ec75e136dafe0,8474
c1737df2d2470308f9553821e6499718,8016
4e1436be8037225170be679437aaab04,6959
78851c95d2016a4326620231df72edcf,7642
1df83897cf5ad796a732e492c74cbf44,3033
7955681d13a3ff8162eea860b691cbfe,8020
6ad3fc016f0012e8a2a4ab0a18b0c6d0,2690
e3b3b9abff76a4ce6092aa2e48974cce,2691
15f167aad33bcdb194de1d311108aea2,2687
47d47e5e4aaa42a316c18f815f3699e2,2710
6f8a33d59c9b88d4d6469b1449e35fe5,2711
057df61465ae67b6e613894ec6dfd516,7002
12359253d6e1eadbf1b9fce10f022f71,6664
742f02dffc2b014cb897e01de202b282,7003
d4ba510191d6af687b03cf16c189e29e,2816
4662e80de82ac7dd5fe9b3437ff8811e,2815
5a3ddfbd1572e087c04e8911e0831105,2848
65a56d4dc9a367494ff4a1ca8e7568c3,6691
8a8452287b6f04c9fab30cb60412e8d2,8117
8cb808355410650efaf1a7115c1f7937,7953
be6bed03a0e72cff4ccfd13b36bc9b1b,1789
a3834312b39e74ef85c36074bda71d6f,7935
5e264fdae2db03ade4c373a4f21ad7e9,6998
433d8ed0353ef57a6dc60f263d709348,7604
323e0bfcbb3906d38f1985e805eda2e5,6466
c4b7cc920b51d759d42593dcd7b2bb32,3470
91b3b11c2d46f6ad3953b8cf2c3cf872,3484
6ca8f87ba4557dce6b8d3b071990b6a4,7949
d472b4e21efa9f7bc82cdf3e57b32a45,3094
372e4f7d3c74fa5613af47981f2da2df,3169
22785b14be2ed914b0e3fbfc0c250c15,6712
918a4b38900c1df345222558fb6ba282,1750
6b199bf0e30b6ebe3c9aab37d1509f9e,6711
c2bb48e695358538e21b7623a0cf38ea,6718
94b54c129c336e356e7feed0570001e7,6716
b27fe819255c5b33d1924e8eb5593ff6,6715
3257da41858fd1eb464b999c2b32a56f,6713
c7ee9dc462a588ce2a1c4d6579a110f5,6714
971b21c3ba90b1721b12ceb6c4e545cb,6717
5c004ba699f484ce1df99abf29cdec96,1046
2203f683072e404463c411ca738fac88,8038
da77c13522cf41bb1782c565db70a9ea,1067